cluster,gene,score,pvals_adj,logfoldchanges
0,Malat1,112.59084,0.0,0.4851249
0,Meg3,72.69798,0.0,0.5426879
0,Snhg11,41.38021,0.0,-0.3113967
0,Gm42418,18.273403,3.674198586457541e-74,-0.62869847
0,Rgs5,3.9877694,0.00012338172447097945,1.7311813
0,Hbb-bs,2.8059576,0.008708219030863652,1.296802
0,Ly6c1,1.4975686,0.21134255497559742,1.5918387
0,Slco1a4,0.7672219,0.6333997244391335,0.8756496
0,Vtn,0.6430818,0.7279851546567335,1.1699975
0,Cldn5,0.6042925,0.7581648978574335,1.0238017
0,Ly6a,0.36189404,0.9391957105187084,0.98044443
0,Flt1,0.22222798,0.9985330574893676,0.62785757
0,Hbb-bt,0.1397247,0.9985330574893676,0.8845851
0,Higd1b,0.13449176,0.9985330574893676,1.4364067
0,CRE,0.062980935,0.9985330574893676,2.0400496
0,Ifitm1,0.048422467,0.9985330574893676,0.8891641
0,AW112010,0.022603527,0.9985330574893676,0.8555937
0,Nes,0.020120492,0.9985330574893676,0.8083938
0,Ppbp,0.013863305,0.9985330574893676,18.671558
0,Defb36,0.012593929,0.9985330574893676,2.065016
0,Ifi207,0.012593929,0.9985330574893676,2.0920732
0,Gm29678,0.009762686,0.9985330574893676,2.7937984
0,4930448A20Rik,0.009762686,0.9985330574893676,2.7750955
0,Olfr424,0.008493414,0.9985330574893676,1.873165
0,Cd7,0.008493414,0.9985330574893676,1.856328
0,Rhox4b,0.0069316523,0.9986218818663208,17.670786
0,AY702103,0.005662067,0.9986218818663208,1.8475703
0,Ccl11,0.005662067,0.9986218818663208,1.5922362
0,Dsc1,0.005662067,0.9986218818663208,1.2577538
0,Gzma,0.005662067,0.9986218818663208,2.0367765
0,AC164425.1,0.005662067,0.9986218818663208,1.3884598
0,Gm15650,0.005662067,0.9986218818663208,1.2587917
0,Olfr291,0.005662067,0.9986218818663208,1.6660975
0,Thbd,0.004676819,0.9986272160911288,0.7023466
0,1700065O20Rik,0.0028309291,0.9992149596424428,1.2562745
0,Gm12909,0.0028309291,0.9992149596424428,1.8470844
0,Gm10824,0.0028309291,0.9992149596424428,0.94301194
0,Tcstv3,0.0028309291,0.9992149596424428,1.8493942
0,2310069B03Rik,0.0028309291,0.9992149596424428,1.2564015
0,Olfr710,0.0028309291,0.9992149596424428,1.6702335
0,Tmprss3,0.0028309291,0.9992149596424428,1.0751424
0,Fgf21,0.0028309291,0.9992149596424428,2.1493917
0,Gm7876,0.0028309291,0.9992149596424428,1.0944854
0,5430427N15Rik,0.0028309291,0.9992149596424428,2.1288745
0,Krt14,0.0015614484,0.9993359302583358,1.1962607
0,Gm37800,0.0015614484,0.9993359302583358,1.15593
0,Defb14,0.0015614484,0.9993359302583358,0.7375071
0,Gm48428,0.0015614484,0.9993359302583358,0.804557
0,Chp2,0.0005879083,0.9998025498203845,1.1001912
0,Gm47904,0.0,1.0,0.0
1,Atp8a2,127.01125,0.0,5.7121334
1,Ank1,125.13659,0.0,5.7827916
1,Gm13629,123.65445,0.0,5.7871056
1,Kcna1,122.871315,0.0,5.933072
1,Atp2b2,120.278656,0.0,5.452147
1,Specc1,119.55124,0.0,5.7196665
1,Nova1,118.14901,0.0,5.524975
1,A330102I10Rik,117.907166,0.0,5.6076174
1,Cdk14,117.76125,0.0,5.515189
1,Esrrg,117.23297,0.0,5.991295
1,Prickle1,117.03403,0.0,5.429262
1,Glra1,116.9513,0.0,5.7091355
1,Fstl4,114.97617,0.0,5.849474
1,Myo16,114.427734,0.0,5.6574736
1,Bend6,114.397285,0.0,5.2342086
1,Sfxn5,114.38914,0.0,5.2345667
1,Rbfox3,113.85139,0.0,5.352672
1,Grin1,113.69539,0.0,5.259797
1,Scn1a,113.30597,0.0,5.367848
1,Syn3,113.26872,0.0,5.265332
1,Epha10,113.157715,0.0,5.2560415
1,Scn8a,112.73011,0.0,5.1303544
1,Osbpl6,112.412926,0.0,5.2198853
1,Rhbdl3,112.28211,0.0,5.3843794
1,Luzp1,112.10073,0.0,5.133291
1,Rnf157,112.039406,0.0,5.164932
1,Pacsin1,111.95221,0.0,5.142868
1,Epb41,111.95116,0.0,5.3928795
1,Atp1a3,111.85377,0.0,5.1664076
1,Iqsec3,111.85179,0.0,5.182301
1,Pdzrn4,111.66013,0.0,5.63809
1,Etl4,111.026306,0.0,6.2261796
1,Apbb2,110.815636,0.0,5.1050224
1,Olfm3,110.713356,0.0,5.491137
1,Mtus2,110.69507,0.0,5.374531
1,Bckdhb,110.5355,0.0,5.1094594
1,Atxn1,110.30121,0.0,5.118321
1,Sgpp2,110.281845,0.0,5.478187
1,Nsf,110.248344,0.0,5.127869
1,Fam189a1,110.23414,0.0,5.216981
1,Vsnl1,110.05301,0.0,5.3820696
1,Med12l,109.76966,0.0,5.077922
1,Kcnc1,109.7139,0.0,5.2282677
1,Gm26835,109.20732,0.0,5.104949
1,Prkcb,109.19096,0.0,5.230712
1,Ksr2,108.9878,0.0,5.128704
1,Rapgef4,108.978615,0.0,5.01125
1,Robo1,108.94238,0.0,5.8076487
1,Sh3gl2,108.930374,0.0,5.0322347
1,Vwa5b2,108.86057,0.0,4.9732895
2,Celf2,108.99317,0.0,5.0568056
2,Ebf1,102.62708,0.0,5.517903
2,Kcnc2,102.32754,0.0,4.960598
2,Rbfox3,100.002144,0.0,4.5437636
2,Grin2b,98.73149,0.0,4.435788
2,Ebf3,98.72759,0.0,5.698086
2,Gria1,98.69905,0.0,4.8402104
2,Hs3st5,97.46983,0.0,4.7111316
2,Tenm4,97.37478,0.0,4.7418647
2,Usp29,97.04012,0.0,4.5762205
2,Celf4,95.94173,0.0,4.5703673
2,Cdh8,94.86884,0.0,4.98766
2,Spock1,94.640045,0.0,4.7477007
2,Negr1,93.992004,0.0,4.882317
2,Brinp1,92.831696,0.0,4.1158423
2,Ptprn2,92.754524,0.0,4.504689
2,Asic2,92.42301,0.0,4.968848
2,Gpr158,92.02892,0.0,4.18308
2,Prkcb,91.161964,0.0,4.2184896
2,Nrg3,90.2617,0.0,3.6605935
2,Lrfn5,89.96822,0.0,4.4954634
2,Syt1,89.428276,0.0,4.783806
2,Rasgrf1,88.946205,0.0,4.442477
2,Ntm,88.37995,0.0,5.1618586
2,Car10,88.3285,0.0,4.743158
2,Plppr1,88.196144,0.0,4.358665
2,Grm5,88.185425,0.0,4.6936116
2,Mtus2,88.16013,0.0,4.1893277
2,Mdga2,87.30872,0.0,3.931796
2,Kcnq5,86.366264,0.0,4.6708937
2,Gabrb3,85.95226,0.0,4.4145904
2,Samd12,85.92649,0.0,3.9549894
2,Myt1l,85.20159,0.0,4.2675805
2,Kirrel3,85.103905,0.0,4.759218
2,Tnrc6c,85.01819,0.0,3.619988
2,Ppp3ca,84.84104,0.0,4.042781
2,Auts2,83.9364,0.0,4.2424493
2,Ebf2,83.83257,0.0,6.025802
2,Klhl29,83.69367,0.0,3.7851808
2,Nrg3os,83.12823,0.0,3.8351085
2,Atp8a1,82.949425,0.0,3.6393862
2,Kcnd2,82.65982,0.0,4.5859637
2,Trpm3,82.5818,0.0,4.7394032
2,Nav3,82.22837,0.0,4.354809
2,Rgs7,82.06627,0.0,4.169264
2,Tshz2,81.880844,0.0,4.086655
2,Cacna1c,81.68682,0.0,4.217302
2,Prkce,81.55905,0.0,3.7044947
2,Slc35f1,81.09418,0.0,3.679675
2,Kcnip4,80.68122,0.0,3.506024
3,Adcy2,147.69121,0.0,7.3259273
3,Cacna1e,142.98091,0.0,7.364574
3,Prkg1,140.29742,0.0,6.9365673
3,Pbx3,139.71991,0.0,6.8836904
3,Cacna2d1,131.76779,0.0,7.201926
3,Grin2a,130.55945,0.0,6.3093834
3,Slit3,130.42773,0.0,7.510667
3,Dab1,130.25488,0.0,6.3350763
3,Meis1,127.81628,0.0,6.1784396
3,Dock4,126.55256,0.0,6.054701
3,Kif26b,125.79694,0.0,5.9232497
3,Dgkb,124.3516,0.0,6.0609736
3,Astn2,124.16286,0.0,5.883386
3,Fgf13,123.45088,0.0,6.4437184
3,Gap43,123.245605,0.0,6.060827
3,Ppp2r2b,122.01202,0.0,5.5420933
3,Ahi1,121.620056,0.0,5.6025715
3,Fbn2,121.26733,0.0,7.385971
3,Creb5,121.080734,0.0,7.0764995
3,Celf4,118.83116,0.0,5.8241935
3,Scn9a,118.1333,0.0,5.4500594
3,Slc44a5,117.466255,0.0,5.9410887
3,Kcnd3,115.58258,0.0,5.811427
3,Pde8b,114.72302,0.0,5.178851
3,Slc5a7,114.72105,0.0,5.992999
3,Kitl,114.30149,0.0,6.613686
3,Nrg1,113.50382,0.0,4.7267356
3,Kcnt2,113.04922,0.0,5.974234
3,Zbtb7c,111.998245,0.0,6.30661
3,Ttc28,111.56332,0.0,5.0754833
3,Slit2,111.39495,0.0,5.980351
3,Map1b,111.23336,0.0,5.307359
3,Nwd2,110.988594,0.0,5.9187765
3,Usp29,110.717636,0.0,5.3947372
3,Gnas,110.28269,0.0,5.2810526
3,Apba1,109.36044,0.0,5.0932612
3,Gm29683,109.20864,0.0,7.300728
3,Cacna1b,109.08609,0.0,4.8698378
3,Jazf1,108.98185,0.0,4.93456
3,Sema6d,106.54054,0.0,5.555963
3,Fign,106.31278,0.0,5.693005
3,Gramd1b,105.892654,0.0,4.8027635
3,Klhl1,105.8493,0.0,5.681497
3,Ncam1,104.7615,0.0,4.8706965
3,Nav2,104.27956,0.0,5.057568
3,Grb10,103.96691,0.0,4.827567
3,Pitpnc1,103.50191,0.0,4.9671717
3,Prima1,102.92906,0.0,5.735436
3,Kcnq3,102.3079,0.0,5.1454587
3,Stac,101.44394,0.0,5.4364443
4,Nkain2,103.237656,0.0,5.5904756
4,Slc24a2,101.98925,0.0,7.719132
4,Pde4b,101.41953,0.0,7.035329
4,St18,98.95159,0.0,12.059189
4,Mbp,97.9136,0.0,10.941705
4,Prr5l,95.70413,0.0,12.169512
4,Pcdh9,94.50434,0.0,3.5250263
4,Tmeff2,91.722435,0.0,6.758944
4,Qk,91.43869,0.0,7.595974
4,Plcl1,91.351944,0.0,7.715844
4,St6galnac3,91.32377,0.0,8.193103
4,Magi2,88.26776,0.0,4.0767317
4,Dock10,87.18048,0.0,7.856229
4,Phlpp1,87.1002,0.0,7.0117297
4,Rnf220,86.921844,0.0,9.248903
4,Frmd5,83.96188,0.0,5.5677004
4,Edil3,83.70366,0.0,6.371336
4,Plp1,82.740135,0.0,9.527194
4,Zeb2,81.55584,0.0,7.8682795
4,Pex5l,79.12793,0.0,6.6740375
4,Map7,77.88313,0.0,7.1422935
4,Ctnna3,77.47161,0.0,5.8263063
4,Mast4,72.98688,0.0,5.238776
4,Prickle2,70.789474,0.0,5.305915
4,Fnbp1,70.71087,0.0,5.02606
4,Zfp536,70.04315,0.0,6.577541
4,Arhgap23,68.784584,0.0,6.1675806
4,Mobp,66.64521,0.0,8.869143
4,Enpp2,66.13829,0.0,6.8582964
4,Mag,65.23491,0.0,8.891985
4,Cdk19,64.68328,0.0,6.574476
4,Cdh20,64.03575,0.0,6.1780434
4,Dscaml1,63.834686,0.0,6.289257
4,Sec14l5,62.794277,0.0,8.858041
4,Aspa,61.595013,0.0,8.666446
4,Dnm3,60.82144,0.0,3.6658456
4,Agap1,60.48116,0.0,3.949391
4,Neat1,60.310867,0.0,6.9565454
4,Lrp1b,59.863903,0.0,2.9444082
4,Pak7,58.527454,0.0,4.5774918
4,Bcas1,58.51759,0.0,8.227083
4,Mog,58.348305,0.0,8.262901
4,Fa2h,57.982338,0.0,8.074109
4,Plekhg1,57.688698,0.0,6.6467223
4,Gpm6b,57.545288,0.0,4.9407325
4,Fgfr2,57.435596,0.0,3.624138
4,Ugt8a,57.106663,0.0,6.6385493
4,Klhl2,56.242916,0.0,4.866195
4,Gab1,55.55879,0.0,6.485248
4,Rtn4,55.048424,0.0,3.9176726
5,Tns1,87.726974,0.0,8.205583
5,Esrrg,87.62694,0.0,7.0682883
5,Caln1,84.3657,0.0,7.215568
5,Dlgap1,84.14939,0.0,5.7326446
5,Gfra1,83.261734,0.0,7.044672
5,March11,83.21431,0.0,6.4704933
5,Ldlrad4,80.22134,0.0,5.7719746
5,Shisa6,79.972145,0.0,6.695308
5,Sh3pxd2a,79.86785,0.0,6.223857
5,A830018L16Rik,79.40051,0.0,7.1005783
5,Prune2,79.13477,0.0,6.3992696
5,Lgr5,78.2713,0.0,6.7280436
5,Hcn1,78.04549,0.0,6.5245743
5,D430041D05Rik,77.821625,0.0,6.007871
5,Rps6ka3,75.9864,0.0,5.781002
5,Htr1f,75.73934,0.0,6.6647687
5,March3,75.67463,0.0,6.161987
5,Srrm4,75.646576,0.0,5.800697
5,Npas3,74.94669,0.0,6.3056955
5,Rgs6,73.890854,0.0,6.429518
5,Tmem108,73.71327,0.0,5.8274736
5,Htr2a,73.405304,0.0,6.582812
5,Kcnip1,73.01918,0.0,5.793509
5,Arnt2,73.00382,0.0,5.622749
5,Slc24a3,72.854095,0.0,6.1143923
5,Nlk,72.6217,0.0,5.2929378
5,Anxa4,72.554886,0.0,6.8320417
5,Pcbp3,72.44106,0.0,5.4087033
5,Otud7a,72.35881,0.0,5.0995445
5,Arhgap20,72.23613,0.0,5.4366
5,Rasgef1b,72.06442,0.0,5.7356114
5,Gria3,72.04825,0.0,6.2150865
5,Gm43122,72.01604,0.0,7.8673058
5,Chat,71.850914,0.0,6.0129523
5,Ppfia2,71.63082,0.0,5.2171645
5,Pdgfc,71.51514,0.0,6.26994
5,Sgcd,71.47368,0.0,6.384794
5,Esrrb,71.4531,0.0,7.4141283
5,Zfp385b,71.36918,0.0,6.184059
5,Mast4,71.11481,0.0,5.58739
5,Gulp1,70.931755,0.0,6.2794385
5,Snrpn,70.30754,0.0,5.5872054
5,Glra1,70.27638,0.0,5.587896
5,Syndig1,70.022606,0.0,5.6400394
5,Cntnap5b,69.999886,0.0,5.920555
5,Utrn,69.86893,0.0,5.821134
5,Slc5a7,69.85065,0.0,6.002003
5,Nrg1,69.34348,0.0,4.56281
5,Rgs7,69.255264,0.0,5.1839213
5,Hmbox1,69.25198,0.0,5.070361
6,Nos1ap,83.72112,0.0,7.7118154
6,Tapt1,82.35117,0.0,7.535671
6,Prune2,81.40173,0.0,7.258223
6,Nell2,79.67562,0.0,6.970765
6,Tns1,79.56364,0.0,8.019083
6,Stk32a,78.975,0.0,7.847261
6,9530059O14Rik,78.133865,0.0,6.0827813
6,Lcp1,77.70418,0.0,7.689295
6,Slc7a14,77.462326,0.0,6.2496815
6,Pdgfd,76.54241,0.0,8.349044
6,Sema6a,76.44188,0.0,6.699085
6,Sv2b,76.31325,0.0,6.952063
6,Sgcz,76.035805,0.0,5.120342
6,Ghr,75.95805,0.0,6.837258
6,Gfra1,75.56679,0.0,7.0265102
6,Ntng2,75.27261,0.0,7.152674
6,Kalrn,74.78837,0.0,5.814949
6,Vav3,74.77609,0.0,6.537723
6,Dysf,73.97871,0.0,6.958021
6,Caln1,73.889206,0.0,7.003935
6,Nrp1,73.49559,0.0,6.631057
6,Aox1,73.22519,0.0,8.584358
6,Nfia,73.10947,0.0,6.823316
6,Gm39185,73.06343,0.0,7.9021964
6,Ppm1h,72.68376,0.0,5.8973446
6,Pappa,72.620224,0.0,7.027328
6,Fam135b,72.36885,0.0,5.724753
6,Elmo1,71.43754,0.0,6.3611884
6,Vat1l,71.122536,0.0,6.1017256
6,Epb41,70.66481,0.0,5.970662
6,Bcl6,70.27892,0.0,6.981779
6,Ablim1,70.27183,0.0,5.457273
6,Miat,70.09905,0.0,5.8236566
6,Nr3c2,70.09319,0.0,5.847341
6,Anxa4,70.051575,0.0,7.05233
6,Ppm1e,69.75994,0.0,5.5112143
6,Clvs1,69.275246,0.0,5.5306187
6,Itpr1,69.130615,0.0,6.3471437
6,Syndig1,69.10056,0.0,6.0674653
6,Sipa1l1,68.84276,0.0,5.6940794
6,Rora,68.702545,0.0,5.7883763
6,Cacna2d3,68.54092,0.0,6.5442348
6,Cacna1d,68.50967,0.0,5.5619555
6,Rgs7bp,68.43486,0.0,5.756337
6,Pcbp3,68.3468,0.0,5.6220164
6,A830018L16Rik,68.33327,0.0,6.8508143
6,Lyst,68.241615,0.0,5.616337
6,Cdh22,68.11408,0.0,6.0435853
6,Nefm,68.093475,0.0,5.8747735
6,Slc35f3,68.03013,0.0,5.7210965
7,mt-Co3,56.466812,0.0,7.415777
7,mt-Atp6,48.77678,0.0,6.6758847
7,mt-Co1,46.892654,0.0,6.6529474
7,mt-Co2,43.16427,0.0,6.125345
7,mt-Cytb,42.728107,0.0,6.3212233
7,mt-Nd4,38.173733,0.0,5.90933
7,mt-Nd2,28.540718,2.6505185362312476e-177,4.8312206
7,mt-Nd1,24.555979,9.866309183606679e-132,4.326387
7,Malat1,23.608604,7.008512267043834e-122,0.31435046
7,Meg3,12.848134,5.573694789080831e-37,0.30411053
7,mt-Nd3,10.891769,6.730085438302801e-27,3.4718592
7,Gm42418,7.839145,1.832096410857303e-14,0.026765976
7,Snhg11,6.4333,4.397335856486955e-10,-0.27954865
7,mt-Nd5,5.9856386,7.265116152774404e-09,3.0571811
7,mt-Nd4l,2.8988318,0.009329493557601645,2.734311
7,Rgs5,1.137159,0.5029980036897949,1.0834767
7,Hbb-bs,0.8931527,0.697908438067673,0.8838988
7,Slco1a4,0.54260653,0.9997942372304762,1.0212474
7,Ly6c1,0.4259429,0.9997942372304762,0.9567582
7,Ly6a,0.3790239,0.9997942372304762,1.3105758
7,mt-Nd6,0.28092182,0.9997942372304762,1.6091982
7,mt-Atp8,0.21323507,0.9997942372304762,1.5796559
7,Cldn5,0.20812185,0.9997942372304762,0.7322734
7,Sox18,0.19290948,0.9997942372304762,1.4547242
7,Hba-a2,0.17431831,0.9997942372304762,0.8423313
7,Mgp,0.15252632,0.9997942372304762,1.1721295
7,Vtn,0.1384002,0.9997942372304762,0.6167074
7,Sparc,0.109807186,0.9997942372304762,0.5462874
7,Ifitm1,0.098619856,0.9997942372304762,1.696128
7,Gper1,0.081060156,0.9997942372304762,1.4129217
7,Flt1,0.07848324,0.9997942372304762,0.38736057
7,Hbb-bt,0.069328286,0.9997942372304762,0.6963767
7,Thbd,0.060929522,0.9997942372304762,1.108201
7,Sox17,0.05380694,0.9997942372304762,0.8702567
7,Slfn5,0.05195818,0.9997942372304762,0.7152684
7,Cavin1,0.051842596,0.9997942372304762,0.6579193
7,Myct1,0.049693696,0.9997942372304762,1.7880785
7,Kcne1l,0.04804336,0.9997942372304762,2.6455276
7,Gm43400,0.047941945,0.9997942372304762,1.8728139
7,Pard3bos2,0.045410696,0.9997942372304762,2.5697188
7,Pou2af1,0.045409434,0.9997942372304762,2.4386618
7,Gm41031,0.04528755,0.9997942372304762,1.1613141
7,E030044B06Rik,0.041899636,0.9997942372304762,2.3665192
7,Xlr,0.041893966,0.9997942372304762,2.0076747
7,Cd93,0.041461855,0.9997942372304762,0.7236706
7,Hrct1,0.040139068,0.9997942372304762,1.9704925
7,Car4,0.039590742,0.9997942372304762,0.5988084
7,H2-Q6,0.039265085,0.9997942372304762,2.0481522
7,Gm2001,0.034875,0.9997942372304762,1.8399161
7,Lipo5,0.034874372,0.9997942372304762,1.7002624
8,Kcnmb2,73.00569,0.0,9.03551
8,Zfp385b,69.24655,0.0,7.3062034
8,Nrxn3,68.403946,0.0,5.0402074
8,Cacna2d3,66.33412,0.0,7.0435357
8,Gpc5,65.585526,0.0,7.7583942
8,Nkain3,65.09751,0.0,6.7362866
8,Dscaml1,64.9418,0.0,7.6430855
8,Gria1,64.50607,0.0,6.5667896
8,Slc6a1,64.32376,0.0,7.5949655
8,Grm3,64.270966,0.0,7.3314633
8,Adarb2,63.966064,0.0,7.994927
8,Tcf4,63.349373,0.0,6.530976
8,Hcn1,62.89843,0.0,6.598347
8,Ptprt,61.95638,0.0,6.9582133
8,Cntnap4,60.92847,0.0,6.215813
8,Hs3st5,60.769188,0.0,6.040201
8,Pax2,60.53983,0.0,7.191036
8,Negr1,60.39541,0.0,5.676014
8,Apba2,59.714558,0.0,5.370043
8,Bcl11a,58.403625,0.0,6.985209
8,Ebf2,56.6756,0.0,7.306685
8,Mgat4c,56.367565,0.0,6.089459
8,Grm5,56.054005,0.0,5.906561
8,Runx1t1,55.609627,0.0,5.5646863
8,Ptchd4,55.135487,0.0,5.8109384
8,Kctd16,54.23443,0.0,5.9604926
8,Syt1,54.227364,0.0,5.3515205
8,Egfem1,54.162277,0.0,5.8553314
8,Grm8,53.831028,0.0,6.225781
8,Gabbr2,53.146214,0.0,4.95339
8,Trpm3,53.0677,0.0,6.4227953
8,Nyap2,52.905704,0.0,5.180443
8,Plcxd3,52.871223,0.0,5.3146296
8,Spock1,52.620953,0.0,5.4528775
8,Rbfox1,52.56299,0.0,4.814489
8,Kirrel3,52.28071,0.0,5.80491
8,Cntnap5b,52.003025,0.0,5.4605017
8,Rab3c,51.949932,0.0,4.950422
8,Khdrbs2,51.579826,0.0,5.3068976
8,Bicc1,49.924572,0.0,5.1980877
8,Thsd7a,49.87404,0.0,5.0084906
8,Kcnj3,49.58578,0.0,4.969726
8,Pid1,49.378063,0.0,4.8578672
8,Sgcd,49.200737,0.0,5.640821
8,Garnl3,49.174534,0.0,4.6213193
8,Kcnc2,49.14467,0.0,5.2486444
8,Frmd5,49.10787,0.0,4.813628
8,Plcb1,48.620224,0.0,4.9562716
8,Gad2,48.388313,0.0,5.948958
8,Cdk14,48.03866,0.0,4.7816625
9,Slc4a4,72.16462,0.0,10.016096
9,Slc1a2,70.17596,0.0,10.86397
9,Npas3,68.939644,0.0,7.7320356
9,Ctnna3,67.65528,0.0,7.313194
9,Ntm,65.44851,0.0,6.95028
9,Atp1a2,63.25942,0.0,11.24973
9,Gabrb1,60.86798,0.0,6.257764
9,Zbtb20,59.893147,0.0,5.5105085
9,Nfia,58.218826,0.0,6.89993
9,Msi2,57.486046,0.0,5.57302
9,Gm3764,57.43776,0.0,8.82533
9,Sparcl1,57.28307,0.0,7.093243
9,Trpm3,56.49142,0.0,7.6779065
9,Fry,55.725433,0.0,5.1922555
9,Trps1,55.488003,0.0,6.2547846
9,Sox6,55.203064,0.0,8.935658
9,Rora,52.64398,0.0,5.25933
9,Rorb,52.39634,0.0,7.937536
9,Maml2,51.82801,0.0,6.232532
9,Ctnnd2,51.112785,0.0,4.389035
9,Qk,50.742424,0.0,5.721406
9,Slc39a12,50.581207,0.0,9.472876
9,Itpkb,50.535145,0.0,8.023546
9,Farp1,50.47589,0.0,5.4664598
9,Plce1,49.91737,0.0,6.9047194
9,Macf1,49.725258,0.0,4.209678
9,Cdh20,49.49885,0.0,6.452727
9,Lgi1,49.069553,0.0,6.6020217
9,Dtna,48.76818,0.0,4.5967765
9,Tnik,48.609592,0.0,4.3366017
9,Erbb4,48.429863,0.0,6.5236506
9,Lrig1,48.085438,0.0,7.8206077
9,Rgs6,48.056126,0.0,5.5159187
9,Phkg1,47.622475,0.0,8.521407
9,Wdr17,47.164505,0.0,5.818846
9,Pitpnc1,47.057106,0.0,4.967659
9,Nhsl1,46.9642,0.0,7.308131
9,Aldh1a1,46.88387,0.0,7.699553
9,Ptprz1,46.758472,0.0,5.9755673
9,Gabra2,46.448254,0.0,5.3687587
9,Nfib,46.239155,0.0,5.9517236
9,Arhgef26,45.96359,0.0,7.9294386
9,Hdac8,44.982056,0.0,4.3805842
9,Mgat4c,44.58747,0.0,5.2374854
9,Lhfp,44.421738,0.0,7.5683126
9,Apoe,44.013912,0.0,7.6154137
9,Rfx4,43.906265,0.0,8.38948
9,Shroom3,43.899963,0.0,7.6528378
9,Slc6a11,43.721825,0.0,7.5144544
9,Gpc5,43.531837,0.0,5.6603885
10,Zeb2,48.878147,0.0,6.634371
10,Plxdc2,47.48233,0.0,5.831356
10,Qk,46.601994,0.0,5.427661
10,Tmcc3,46.567307,0.0,6.0905824
10,Dock10,46.485714,0.0,5.7236347
10,Plcl1,44.23822,0.0,5.3504496
10,Prr5l,44.047333,0.0,7.271598
10,Mbp,43.310467,0.0,6.2971716
10,St18,43.064503,0.0,6.99075
10,Elmo1,42.48221,0.0,5.151402
10,Rnf220,40.70533,0.0,5.587349
10,Cdk19,39.20768,0.0,5.0325985
10,Plp1,39.094215,0.0,5.8071117
10,Foxn3,38.84949,0.0,4.1684923
10,Pip4k2a,38.447693,0.0,4.552738
10,St6galnac3,37.341557,4.976011071547073e-302,4.4297585
10,Phlpp1,36.18793,1.2142781547675284e-283,3.8560672
10,Neat1,35.949654,6.28761914299166e-280,5.2522073
10,Map7,35.45905,2.4639775325224823e-272,4.1747007
10,Gab1,35.262108,2.5071541470927856e-269,5.090571
10,Fnbp1,35.066746,2.3261177090833375e-266,3.477328
10,Mobp,34.992294,3.036906710634784e-265,5.780313
10,Enpp2,34.87337,1.8667360515108627e-263,4.583505
10,Prkca,34.803318,2.067636503556828e-262,4.087373
10,Lrmda,34.33515,2.1590994812093195e-255,4.624855
10,Bcas1,34.26994,1.9557800765379023e-254,5.7776203
10,Sec14l5,34.24124,5.0568997035427006e-254,5.8715744
10,Tbc1d5,34.160046,7.883014648181961e-253,3.60145
10,Wipf1,34.157654,8.287505975601269e-253,5.304894
10,Dock4,33.982124,3.195064738971111e-250,4.1315527
10,Ssh2,33.54592,7.823977881735212e-244,3.5794623
10,Dock1,33.45547,1.57758076961251e-242,4.942022
10,Mag,33.344532,6.257246944672452e-241,5.593746
10,Cdh20,33.2875,4.078239232410139e-240,4.392244
10,Dip2b,33.2802,5.063696560911646e-240,3.4848144
10,Mog,33.195187,8.34565661921327e-239,5.626422
10,Rab31,33.06083,7.003047655697416e-237,4.2816253
10,Aspa,32.988834,7.380566757529456e-236,5.62579
10,Frmd4b,32.983402,8.620173417791122e-236,3.5848353
10,Slc24a2,32.847557,7.39533332901635e-234,3.2756999
10,Maml2,32.77461,7.933296089624471e-233,4.125418
10,Zfp536,32.571426,5.963158489319949e-230,4.124405
10,Gatm,32.540573,1.5942347978313602e-229,5.484915
10,Dscaml1,32.526596,2.459941225102494e-229,4.4645367
10,Fa2h,32.496998,6.3106078892004074e-229,5.4676824
10,Arhgap23,32.065796,6.953122150843205e-223,3.6444013
10,Mbnl1,31.939169,3.9360294058774843e-221,3.5732121
10,Epb41l2,31.930332,5.118634465343726e-221,4.812993
10,Zdhhc14,31.628174,7.500542168369039e-217,3.5540311
10,Ptprk,31.560272,6.301489908708259e-216,4.3847203
11,Pou6f2,70.934395,0.0,10.615353
11,Syt1,67.45665,0.0,6.5616574
11,Ndst4,65.92034,0.0,8.211474
11,Sgcd,65.00811,0.0,7.7478294
11,Ldb2,61.926205,0.0,7.403355
11,Auts2,60.880962,0.0,6.5293603
11,Hs6st3,60.669716,0.0,6.758864
11,Ptprm,59.823338,0.0,6.614246
11,Gabrb1,59.458538,0.0,6.2732873
11,Xylt1,58.421356,0.0,6.6318035
11,Zfhx3,57.565178,0.0,7.3371844
11,Sntg2,57.559933,0.0,7.821821
11,Pitx2,57.332726,0.0,12.210064
11,Shisa6,56.900585,0.0,6.818956
11,Gpc6,56.76282,0.0,6.835464
11,Prima1,56.552753,0.0,7.044654
11,Gm45881,56.31976,0.0,5.761989
11,Frmpd3,56.07669,0.0,6.059887
11,Meis2,55.869263,0.0,6.9764585
11,Cdh18,55.770363,0.0,6.187722
11,Cdh6,55.37375,0.0,6.7212925
11,Rimbp2,55.20981,0.0,5.7052727
11,Vsnl1,54.976566,0.0,5.9086337
11,Erc2,54.429947,0.0,5.4195347
11,Chl1,54.422707,0.0,6.19611
11,Ebf1,54.33084,0.0,7.1200647
11,Rbfox1,53.921043,0.0,4.978759
11,Cacna1d,53.88244,0.0,5.5913005
11,Rcan2,53.605137,0.0,5.625553
11,Pbx1,53.47307,0.0,5.7536063
11,Maml2,53.19578,0.0,6.4228234
11,Zfp385b,52.938046,0.0,6.3923535
11,Dlgap2,52.755554,0.0,5.8012776
11,Siah3,52.643864,0.0,6.628164
11,Gpc4,52.529396,0.0,9.023218
11,Sorcs1,52.41077,0.0,6.2391586
11,Mpped2,52.36404,0.0,6.2480407
11,Cadps,52.081467,0.0,4.909146
11,Unc13c,52.05114,0.0,6.732356
11,Stx3,51.891933,0.0,5.592512
11,Chat,51.775856,0.0,6.095946
11,Elavl2,51.49675,0.0,5.6996655
11,Fam163a,51.234177,0.0,7.2207704
11,Gnas,50.735615,0.0,5.3759427
11,Ext1,50.4881,0.0,5.3118105
11,Hdac9,50.458126,0.0,5.9573073
11,Kctd8,50.38997,0.0,6.184066
11,Rph3a,50.28821,0.0,5.6372757
11,Lrrc3b,50.27668,0.0,5.760115
11,Bmpr1b,50.04906,0.0,7.134888
12,Kitl,62.273197,0.0,8.87674
12,Pde1a,61.854427,0.0,8.303065
12,Klhl1,61.42694,0.0,8.185547
12,A830018L16Rik,60.54932,0.0,7.8539095
12,Slit3,60.190468,0.0,8.079559
12,Lsamp,59.700474,0.0,2.989172
12,Ppp2r2b,59.21723,0.0,5.8309493
12,Fbxl7,59.19629,0.0,8.055228
12,Foxp2,59.082188,0.0,9.188998
12,Dab1,58.757584,0.0,6.3259788
12,Thsd7b,57.878212,0.0,7.389766
12,Khdrbs3,57.65413,0.0,6.5373225
12,Csmd1,57.60987,0.0,5.1448836
12,Stac,57.23436,0.0,7.465726
12,Ankfn1,57.163906,0.0,8.067006
12,Creb5,56.93761,0.0,8.251792
12,Dgkb,56.479713,0.0,6.4877276
12,Gabrg3,55.918713,0.0,7.5398536
12,Alk,55.850792,0.0,7.0417237
12,Sema3c,55.016598,0.0,7.5059905
12,Nwd2,54.369144,0.0,7.1897593
12,Nav2,54.309166,0.0,5.6616473
12,Adcy2,54.288925,0.0,6.775639
12,Prima1,54.18989,0.0,7.158745
12,Pard3b,54.005436,0.0,7.294504
12,Prlr,53.81937,0.0,7.883711
12,Lingo2,53.21601,0.0,4.8194356
12,Igsf9b,53.1252,0.0,6.0039654
12,Tead1,52.996773,0.0,6.3857465
12,Ptchd4,52.676773,0.0,6.518788
12,Grin2a,52.478676,0.0,6.1589217
12,Nrg1,52.343693,0.0,4.754282
12,Tenm2,51.860424,0.0,5.601383
12,Hpgds,51.838757,0.0,7.8339744
12,Sorcs3,51.628883,0.0,6.643263
12,Cdh11,50.985855,0.0,6.2366166
12,Fbn2,50.763496,0.0,7.143988
12,Pbx3,50.623295,0.0,6.322721
12,Galnt17,50.481586,0.0,5.7930393
12,Efna5,50.370712,0.0,6.0331764
12,Maml2,50.22028,0.0,6.4594355
12,Cacna1e,50.028084,0.0,6.621788
12,Cntn6,49.96324,0.0,5.7514873
12,Fign,49.844822,0.0,6.4799337
12,Slc44a5,49.652523,0.0,6.1529284
12,Pde7b,49.418736,0.0,6.0535083
12,Fgf13,49.19224,0.0,6.404412
12,Zfp804a,48.53039,0.0,5.978171
12,Adamtsl1,48.43748,0.0,6.6100903
12,Gpr149,48.397156,0.0,6.3603473
13,Vcan,35.076523,3.9606504662164096e-265,8.0788
13,Megf11,14.334314,2.342504606138921e-45,4.0143027
13,Sox6,13.219858,9.345125592984139e-39,3.5701783
13,Pdgfra,11.184966,4.603097179882831e-28,7.328662
13,Mybpc1,10.458655,1.133757378679485e-24,6.7129364
13,Chodl,10.118727,3.6671726481744483e-23,3.925942
13,Ppfibp1,9.094511,6.575355039281347e-19,2.9336197
13,Arhgap31,8.419357,2.3434621533680095e-16,2.5272076
13,Bcas1,7.72524,6.317741240877086e-14,2.5998406
13,Spon1,7.432728,5.788587625121277e-13,2.3467824
13,Gm42418,7.372448,9.029774257105611e-13,0.26511875
13,Gm38505,7.061162,8.499927392075947e-12,4.800926
13,Itga9,7.0303674,1.0570286241581465e-11,2.0853245
13,Sema3d,6.4074135,6.985623107970711e-10,2.1368334
13,Afap1l2,6.016544,7.956345139882786e-09,4.195049
13,Gjc3,5.945921,1.2140848955371986e-08,2.5162919
13,Gm4876,5.9407606,1.2518579276475509e-08,1.6354412
13,Rgcc,5.871037,1.8937956570907446e-08,4.0260177
13,Ntn1,5.733369,4.22501578740035e-08,3.2485464
13,Adam12,5.727552,4.3644302873874515e-08,2.2089462
13,Cspg4,5.669149,6.091424271710675e-08,5.265858
13,Ptprz1,5.5991154,9.046653383885176e-08,1.3259825
13,Zcchc24,5.143195,1.0621570004881238e-06,2.7550495
13,Kcnip3,4.9922085,2.29858712324762e-06,2.1840189
13,Sox5,4.705849,9.358733838577425e-06,1.1678263
13,Tns3,4.603387,1.5182680948875413e-05,1.7557939
13,Sox10,4.472825,2.7615601356738032e-05,2.8333423
13,Neu4,4.4422092,3.172608282228227e-05,6.3302917
13,Matn4,4.388181,4.0364670022868976e-05,3.9448836
13,Susd5,4.3597846,4.5780817777684754e-05,4.304515
13,Lrrc4c,4.3410487,4.974249941788311e-05,-0.78449625
13,Atp1a2,4.2430573,7.63787628890882e-05,1.6565288
13,Dock1,4.003871,0.00020848330379090593,1.2448525
13,Emid1,3.8430552,0.0003972541236534272,2.8575394
13,Sh3bp4,3.8423994,0.00039826681492625824,2.1973517
13,Calcrl,3.8162196,0.00044089712146183884,2.52222
13,Cd9,3.783521,0.0005008700859542118,2.9807434
13,Cacng4,3.7741268,0.0005192749601559772,1.2795753
13,Nlgn1,3.6891873,0.0007181752949950562,-1.0964414
13,Tcf7l2,3.563638,0.0011492138590895006,2.3374772
13,Adarb2,3.506354,0.001416873955109895,0.67034054
13,Dscaml1,3.4656982,0.0016377388639758049,0.7857217
13,Mertk,3.3618925,0.0023639628596192138,2.026579
13,Nrxn1,3.358717,0.0023895938455008553,-1.1318818
13,Erbb4,3.3407068,0.00253958774583959,0.48167178
13,Kcnh8,3.2928233,0.0029941968982799506,1.1686536
13,Olig1,3.1508262,0.0048094261611587065,3.4047644
13,Cobll1,3.1429026,0.004935876703816577,1.3575497
13,Scrg1,3.0313385,0.007064256932552112,3.329299
13,Gm2164,2.9952497,0.007914513480532868,1.6072423
14,Malat1,16.427948,3.3576658054143525e-59,0.31646308
14,3300002A11Rik,15.124065,2.2308058075508665e-50,5.632611
14,Meg3,9.189236,2.782878366878808e-19,0.3281594
14,1700007G11Rik,6.7627363,6.870474557042531e-11,3.427887
14,Snhg11,5.8839273,1.7946106239110964e-08,-0.17987342
14,Dnah11,4.93553,3.1461671740165627e-06,3.6700833
14,Dnah12,4.863858,4.483822438283686e-06,4.1129174
14,Hydin,4.85259,4.733467511064084e-06,3.7504125
14,Spag16,3.9300747,0.00028701972203502477,2.752273
14,Wdr49,3.0567129,0.006635128555386526,3.133013
14,Gm45783,2.3153152,0.05475677575462012,3.729341
14,Dnah6,1.7235488,0.20501101076343264,3.0658758
14,Gm10714,1.2161185,0.4904632279553368,2.9255254
14,Rgs5,0.32227126,1.0,0.64382374
14,Mgp,0.12426593,1.0,1.2992755
14,Grrp1,0.11130189,1.0,1.5718161
14,Hba-a2,0.104620434,1.0,0.8846143
14,Hbb-bt,0.09275984,1.0,1.002898
14,Cd248,0.090263,1.0,3.9388938
14,Ccrl2,0.08305116,1.0,2.93271
14,Sox18,0.07706199,1.0,1.1428865
14,Hbb-bs,0.07336898,1.0,0.40487537
14,Cavin1,0.0720168,1.0,1.014305
14,Gm42601,0.07142755,1.0,2.5381267
14,Pdzd3,0.06201472,1.0,2.3157282
14,1700012P22Rik,0.057700083,1.0,0.9747877
14,Cd300c2,0.055362698,1.0,1.6254059
14,Ndufa4l2,0.052815326,1.0,1.0207273
14,Vtn,0.051246278,1.0,0.51971525
14,1600014C23Rik,0.050116837,1.0,6.398713
14,Gm3371,0.04956242,1.0,5.8028865
14,Serpina7,0.048453584,1.0,5.147048
14,Olfr317,0.048453584,1.0,4.9563575
14,Gm45431,0.047899168,1.0,4.6332197
14,Gm47348,0.04734475,1.0,4.654846
14,S100a14,0.04734475,1.0,4.5249357
14,Gm5129,0.047343772,1.0,4.637376
14,Gm40614,0.046790335,1.0,4.3880424
14,Ccl27,0.046790335,1.0,4.5480704
14,Gm26831,0.046790335,1.0,4.396275
14,Tlr12,0.046787392,1.0,4.0006104
14,She,0.04628498,1.0,1.1832167
14,Upk3b,0.04623592,1.0,4.2703986
14,4930555A03Rik,0.0456815,1.0,4.0384703
14,7420426K07Rik,0.0456815,1.0,4.3158836
14,Tnnc2,0.0456815,1.0,4.085298
14,Hist1h4j,0.04568052,1.0,3.8703575
14,Sval2,0.04567954,1.0,3.75251
14,Defb35,0.045127083,1.0,3.9181342
14,Gm15462,0.045127083,1.0,3.946235
15,Slc17a6,19.467821,2.762269228980891e-82,5.4783325
15,Nrn1,17.933088,3.8985275320775264e-70,5.722442
15,Malat1,14.331994,2.6297793854341523e-45,0.31425408
15,Meg3,9.901623,3.4384898351811673e-22,0.2830493
15,D130009I18Rik,9.826024,7.199389151124874e-22,4.7260323
15,Snhg11,5.341843,3.970750824637166e-07,0.020225184
15,Gm42418,1.3042449,0.4338194617209463,-0.54447275
15,Hba-a1,0.26847732,0.9999396336123012,1.2598282
15,Gm13974,0.20877977,0.9999396336123012,1.1681908
15,C130074G19Rik,0.17973214,0.9999396336123012,1.9676694
15,Cldn5,0.17079377,0.9999396336123012,0.8647371
15,Kcnj8,0.1517293,0.9999396336123012,2.193854
15,Vtn,0.13480307,0.9999396336123012,0.8414517
15,Ifitm1,0.12140577,0.9999396336123012,2.4084563
15,Fmo2,0.119869076,0.9999396336123012,2.6715846
15,Tbx1,0.118274994,0.9999396336123012,2.5418572
15,1700025L06Rik,0.089079276,0.9999396336123012,3.4191284
15,Esam,0.08682931,0.9999396336123012,1.015105
15,Gm48510,0.07697118,0.9999396336123012,1.7332193
15,Ndufa4l2,0.06417237,0.9999396336123012,1.1772083
15,Dsp,0.061521195,0.9999396336123012,2.0967147
15,Foxf2,0.060989834,0.9999396336123012,1.6946532
15,Higd1b,0.05986972,0.9999396336123012,1.4967151
15,Gm10165,0.056758918,0.9999396336123012,1.8497884
15,Gm4070,0.055150997,0.9999396336123012,1.6292417
15,Ticam2,0.053016838,0.9999396336123012,7.0435925
15,Gm28706,0.05195616,0.9999396336123012,6.242167
15,4930519P11Rik,0.05195616,0.9999396336123012,5.9245505
15,1700023G09Rik,0.051425826,0.9999396336123012,5.744107
15,Gbp3,0.05037386,0.9999396336123012,1.5894724
15,Srgn,0.049087215,0.9999396336123012,0.9761047
15,Gm2814,0.04877209,0.9999396336123012,3.9688518
15,Gm13869,0.048243802,0.9999396336123012,4.153524
15,Gm47902,0.048243802,0.9999396336123012,4.111731
15,Sval2,0.048243802,0.9999396336123012,3.9071143
15,Olfr365,0.04824175,0.9999396336123012,3.7627816
15,Gm27028,0.047712438,0.9999396336123012,3.944398
15,Scgb3a1,0.04771039,0.9999396336123012,3.9977343
15,Gm15517,0.047183126,0.9999396336123012,4.0201583
15,Gpr65,0.047183126,0.9999396336123012,3.7832837
15,Gm47818,0.046652786,0.9999396336123012,3.9202468
15,Gm43236,0.045592114,0.9999396336123012,3.5799925
15,Gm16577,0.045592114,0.9999396336123012,3.4708476
15,Gm26829,0.045592114,0.9999396336123012,3.5690298
15,Gm32742,0.045592114,0.9999396336123012,3.8194392
15,Icos,0.04559109,0.9999396336123012,3.4449348
15,Fam180a,0.04506075,0.9999396336123012,3.440768
15,Prss55,0.044530414,0.9999396336123012,3.4775217
15,Gm648,0.044530414,0.9999396336123012,3.5187442
15,Naa11,0.044530414,0.9999396336123012,3.1908762
16,Gfap,27.131952,1.0654259997064081e-157,10.556357
16,Malat1,11.038431,3.772444349223979e-27,0.29733762
16,A2m,7.740261,7.587471248664326e-14,5.560348
16,Gm42418,5.414367,3.1529959505551786e-07,0.24906728
16,Meg3,5.0835004,1.7928673842879926e-06,0.2843788
16,Snhg11,4.7031875,1.153506256921742e-05,-0.27239642
16,Aqp4,3.0015545,0.008933276322317524,2.702995
16,Id3,2.2768724,0.06618771847496871,3.3392084
16,Apoe,1.9283087,0.1460181517369454,1.6324542
16,Id4,1.9166567,0.1496615846257292,2.1076932
16,Npsr1,1.6159881,0.27049137015134617,1.8782834
16,Mt1,1.6111189,0.272847376440647,2.1939952
16,Atp1a2,1.0889561,0.6265389530532105,1.047606
16,Gja1,0.9333776,0.7653862166016066,1.7108728
16,Mt2,0.85064554,0.8428979060861729,2.349135
16,Hbb-bs,0.68441206,1.0,1.0974425
16,Sparc,0.5703704,1.0,1.1812394
16,Tril,0.5091512,1.0,1.7412295
16,Slc1a2,0.31744468,1.0,0.71461695
16,Gpr37l1,0.31067678,1.0,1.1888614
16,Myoc,0.2953036,1.0,2.5753467
16,Fabp7,0.29174763,1.0,2.5470126
16,Hba-a2,0.27884805,1.0,1.5794494
16,Agt,0.27084243,1.0,1.4251437
16,Sdc4,0.2654094,1.0,1.3297243
16,Cldn5,0.2619339,1.0,1.272789
16,Ahnak,0.24531865,1.0,1.2493988
16,Gm10635,0.2425189,1.0,1.3540086
16,S1pr1,0.21521899,1.0,1.2593257
16,Fjx1,0.2104884,1.0,1.1782049
16,Adgrf5,0.17796466,1.0,1.2421017
16,Hopx,0.16240025,1.0,1.0392588
16,Atp1b2,0.15264262,1.0,0.71626735
16,Vtn,0.14629185,1.0,0.9409325
16,Ednrb,0.14300692,1.0,0.81772137
16,Cxcl14,0.14085329,1.0,1.6751981
16,Ly6a,0.13416462,1.0,1.0449972
16,Zfp36l1,0.114685886,1.0,0.9212585
16,Hist1h2bc,0.103418246,1.0,1.3836373
16,Mfge8,0.103407726,1.0,1.7395085
16,Txnip,0.100354254,1.0,1.2641795
16,Ifitm1,0.0968979,1.0,2.270391
16,Vcam1,0.09381596,1.0,1.6283654
16,Mlc1,0.09269767,1.0,0.95663476
16,Cd74,0.09259185,1.0,2.5312967
16,Tcf19,0.09032743,1.0,1.8203825
16,Arhgef5,0.08997777,1.0,2.2583947
16,Mgp,0.089649156,1.0,1.2273902
16,Serpinh1,0.08805992,1.0,1.4175675
16,mt-Atp8,0.08677268,1.0,1.4864663
17,Bnc2,16.919212,8.366915076442796e-60,7.1486964
17,Flt1,13.4817505,9.215478383288314e-39,6.9792233
17,Epas1,12.136722,1.1289040735289138e-31,5.9742312
17,Slco1a4,11.771718,7.289118904822976e-30,7.103897
17,Adgrl4,11.493469,1.6149268765347923e-28,6.659459
17,Gm42418,11.223558,3.1818291072305334e-27,1.5232754
17,Abcb1a,10.831481,2.0228809343769674e-25,6.1832323
17,Igfbp7,10.795359,2.970753184581282e-25,5.4764647
17,Lef1,10.4193535,1.4851489422956957e-23,7.468938
17,Slco1c1,10.410474,1.6211776647480523e-23,5.697726
17,Cobll1,10.170825,1.8146224856676388e-22,3.8615966
17,Mecom,10.103364,3.544615005310213e-22,4.6391006
17,Ptprb,10.032539,7.171009989288839e-22,5.197319
17,Ccdc141,9.861334,3.729560299755984e-21,3.8908463
17,Heg1,9.737975,1.2131750039551751e-20,3.946796
17,Arhgap31,9.73143,1.2909220098501767e-20,3.3948107
17,Cyyr1,9.644536,2.897598125194195e-20,5.663317
17,Itih5,9.624125,3.519366064629336e-20,5.773011
17,Pltp,9.495002,1.1674180029951923e-19,5.7918167
17,Rbpms,9.43789,1.971830314139236e-19,6.041795
17,Adgrf5,9.0698,5.315048044981414e-18,6.8893104
17,Atp10a,9.047593,6.45913202672931e-18,3.6323395
17,Itga1,9.046627,6.505321529018851e-18,5.553474
17,Rgs5,8.889706,2.587936449594877e-17,4.9991283
17,Fli1,8.6629925,1.7847281752814252e-16,4.7117586
17,Ets1,8.616025,2.649835307894141e-16,4.7524705
17,Slc2a1,8.6058,2.8927963188723356e-16,3.9877448
17,Emcn,8.570924,3.872589528037502e-16,5.6724167
17,Itm2a,8.436951,1.1721027416214953e-15,4.9526486
17,Abcg2,8.436197,1.1769787091116433e-15,3.4397566
17,Cldn5,8.402196,1.5594397812386327e-15,6.322304
17,Nostrin,8.345851,2.451763539955764e-15,6.4719787
17,Eng,8.324836,2.8932716929880594e-15,6.2932363
17,Klf2,8.273698,4.311883443623733e-15,6.374182
17,Bsg,8.063359,2.2717340269218426e-14,2.7627409
17,Wwtr1,7.9298806,6.357400090663086e-14,3.2302828
17,Gm12688,7.7279487,2.9455484446972065e-13,5.721896
17,Sparc,7.719041,3.155556050249099e-13,4.06597
17,Pecam1,7.7180686,3.1730917675741783e-13,4.7380543
17,Ly6c1,7.713841,3.26302883561796e-13,5.633506
17,Clic4,7.669537,4.538268211635023e-13,3.3558865
17,Slc22a8,7.5481305,1.1219467774518129e-12,7.9792733
17,Zfp366,7.540782,1.178883559051865e-12,6.2062726
17,Prex2,7.451955,2.261009117666464e-12,2.4282882
17,Cxcl12,7.407084,3.123417692404285e-12,5.8086886
17,Hmcn1,7.386273,3.632635734792609e-12,2.5428004
17,Fn1,7.374121,3.9686929523335745e-12,4.678649
17,Prom1,7.363213,4.284801540744424e-12,5.0624285
17,Rasgrp3,7.2887664,7.2282022885516256e-12,3.4595363
17,Afap1l1,7.2808766,7.629608985891041e-12,4.055104
18,Ptprd,34.853657,9.655806081603165e-262,5.4112325
18,Adarb2,34.477337,2.2593214409024288e-256,10.122643
18,Hs3st5,33.393127,1.4815660984258362e-240,7.47693
18,Rbfox1,33.091927,2.501160621548186e-236,5.5732083
18,Slc6a5,32.505882,4.537301006500716e-228,9.048733
18,Pde11a,32.298668,3.1359301702176014e-225,9.630205
18,Bnc2,32.21631,3.840041577328089e-224,10.584759
18,Zfhx3,32.07401,3.2719763907735544e-222,8.387496
18,Erc2,31.931187,2.822404514943391e-220,6.2704043
18,Pou6f2,31.775446,3.6428464595342767e-218,9.441504
18,Crtac1,31.582962,1.4821656705450582e-215,7.7589493
18,Khdrbs2,31.50779,1.4588468534606054e-214,7.1625113
18,Cdh12,31.404726,3.4566074453191055e-213,7.338097
18,Meis2,31.311468,5.99507768145597e-212,7.8464627
18,Galntl6,31.27665,1.6654432924831677e-211,7.2623796
18,Lrrtm4,31.178404,3.36714643073523e-210,5.4642515
18,Plce1,31.172228,3.842743436841834e-210,8.26348
18,Maml3,31.10976,2.5440916108031816e-209,7.120768
18,Sntb1,31.064255,9.932074047983254e-209,10.521454
18,Zfp462,30.981588,1.2293877187747398e-207,6.5060363
18,Reln,30.742407,1.895208661943678e-204,9.488356
18,Sdk2,30.471022,7.38978724129296e-201,7.0862164
18,Eps8,30.36496,1.7863549282984896e-199,8.958927
18,Piezo2,30.35099,2.617330194323801e-199,9.500487
18,Xylt1,30.237326,7.891815649854944e-198,6.911493
18,Cntn5,30.100275,4.762005129397671e-196,7.2662644
18,Mpped2,30.04476,2.4391210472871417e-195,7.197585
18,Ephb1,29.970545,2.1862029854862475e-194,7.1162734
18,Nr5a2,29.78634,5.2163265222674376e-192,12.669205
18,Ssbp2,29.771013,7.963533180289071e-192,6.443661
18,Cntnap5c,29.70515,5.475676248567264e-191,7.4573503
18,Rimbp2,29.690044,8.311713499318183e-191,6.085419
18,Rasgef1b,29.36584,1.1711427924275929e-186,6.296392
18,Sv2c,29.314089,5.19815792250011e-186,6.2211194
18,Itpr1,29.050568,1.1142305735333176e-182,7.0921946
18,Kctd8,28.969118,1.1538059413704088e-181,7.0799255
18,Slc24a3,28.787016,2.1717437093775788e-179,6.761384
18,Galnt18,28.75094,5.977336646267253e-179,7.141184
18,Slc8a1,28.709997,1.891103358800073e-178,5.8042946
18,Nfia,28.648188,1.0876452305009618e-177,6.8296504
18,Pld5,28.614183,2.8125753369078515e-177,6.760521
18,Ext1,28.586618,6.045479905408442e-177,5.7898088
18,Snca,28.549086,1.7276154893744455e-176,6.9698734
18,Grik3,28.534317,2.5748551077341107e-176,7.4884
18,Zfhx4,28.51663,4.1724026827774664e-176,6.9709783
18,Stk32b,28.39521,1.2978350975609078e-174,7.8315625
18,A330008L17Rik,28.354685,4.0170143086696806e-174,7.4492416
18,Cntnap5a,28.346375,4.979781391214554e-174,6.005409
18,Nrxn3,28.341606,5.585023594307371e-174,4.7206993
18,Tbc1d4,28.267277,4.4984592258907156e-173,6.3108897
19,1700007G11Rik,30.016947,1.5196818273127997e-193,12.020628
19,Adamts20,28.277523,8.414951187174918e-172,9.996169
19,Dnah12,28.170275,1.1620064974753922e-170,12.853558
19,Spag16,26.902418,1.325453515741319e-155,10.8173685
19,3300002A11Rik,25.811222,2.849064812872802e-143,10.219125
19,Ankfn1,25.088758,2.4282028789738718e-135,7.719274
19,Cfap54,25.017677,1.2645093231636845e-134,8.230535
19,mt-Co3,24.914028,1.5009791092366205e-133,7.9425397
19,Zbtb20,24.67983,4.537539266616478e-131,5.141734
19,Syne1,24.675962,4.539038532710388e-131,5.110011
19,Glis3,24.641933,9.642583153653413e-131,9.047684
19,Spef2,24.58534,3.5924321764505703e-130,10.522968
19,Msi2,24.234797,1.7602682848444383e-126,5.3558064
19,Ccdc162,24.177244,6.632555000218114e-126,9.118781
19,mt-Atp6,24.152176,1.140685817833835e-125,7.912542
19,Dnah11,23.936174,1.8426836176363883e-123,10.505073
19,Agbl4,23.654583,1.4358754391088106e-120,4.998281
19,Dnah9,23.553774,1.4794259637723164e-119,7.3911514
19,Nfia,23.423965,2.988685704884445e-118,6.2455072
19,Shank2,23.408165,4.132894415027037e-118,6.100501
19,Sox6,23.268053,1.04632948027598e-116,8.368874
19,Dnah6,23.245367,1.7011469324211593e-116,11.805546
19,Hydin,23.22769,2.464551126760473e-116,10.2700205
19,Ccdc146,23.204037,4.1079409149569304e-116,11.204352
19,Gm10714,22.932554,2.099652123637008e-113,12.486712
19,C230072F16Rik,22.7702,8.330555286479414e-112,12.883187
19,Rmst,22.33813,1.399269429400554e-107,6.2504425
19,Wdr49,22.320133,2.023282807761369e-107,10.35987
19,Ccdc170,22.280302,4.768222062369863e-107,11.4369135
19,Gm973,22.134413,1.1869508841149393e-105,9.058082
19,Kif6,22.12165,1.5274458759864865e-105,7.527569
19,Cfap43,22.032434,1.0669691957020826e-104,9.610553
19,mt-Cytb,22.0018,2.0374012408861886e-104,7.360601
19,Cfap46,21.5877,1.6774913508459275e-100,6.7742553
19,Pard3b,21.504452,9.849870427844748e-100,6.271023
19,mt-Co2,21.398617,9.331905664318336e-99,6.9231553
19,Cfap44,21.258575,1.8142774247883195e-97,8.120898
19,Ak9,20.877928,5.475016697507235e-94,10.991329
19,Erbb4,20.642902,7.105168143478841e-92,6.2302365
19,Dmd,20.594997,1.8667626739602073e-91,4.5799494
19,Ak7,20.537357,5.982952239086152e-91,7.963092
19,Adgrv1,20.506409,1.1051358618304882e-90,6.842092
19,mt-Co1,20.47976,1.868071520559739e-90,6.667996
19,Maml2,20.317095,5.0853631956801685e-89,5.5619836
19,Spata17,20.130943,2.1674899977520836e-87,8.127183
19,Iqgap2,20.111486,3.1424289901391955e-87,7.8716846
19,Gm4876,19.833937,7.976087690147478e-85,6.433628
19,Lrriq1,19.789116,1.9038672506860909e-84,6.806492
19,Ddo,19.731695,5.821989949110049e-84,7.771532
19,Zbbx,19.616772,5.5093766447059495e-83,9.467851
20,mt-Nd1,16.128485,4.146077541351088e-54,6.6563745
20,Pabpc4,15.975635,2.224271275677737e-53,6.5878615
20,Gm44511,15.955954,2.224271275677737e-53,6.3466363
20,mt-Nd2,15.380701,1.4206047803559948e-49,6.366578
20,mt-Nd4,15.305168,3.6389969397736396e-49,6.2352443
20,mt-Cytb,15.070927,1.0802334989066287e-47,6.037166
20,Eif2s3y,15.006336,2.456260438676317e-47,6.225561
20,Cnot3,14.980688,3.162486272737977e-47,6.0578423
20,Zfp973,14.840006,2.3116654606381533e-46,6.0237303
20,Col8a1,14.7891,4.437806247525112e-46,6.248923
20,Uty,14.76665,5.630046431404929e-46,6.3172183
20,Gm45341,14.63261,3.7355273420719354e-45,6.157728
20,Agrp,14.537022,1.3992034126804478e-44,5.912425
20,mt-Co2,14.476249,3.150476698613135e-44,5.853371
20,mt-Co1,14.430913,5.679913539966099e-44,5.8733306
20,Taf1d,14.425166,5.787494582333448e-44,5.8129387
20,4930555F03Rik,14.403505,7.454288146934042e-44,6.3511486
20,Kcnmb2,14.344177,1.6584855460437928e-43,5.880471
20,Gm2516,14.322529,2.1460759204968985e-43,6.0155444
20,Hsp90ab1,14.305727,2.596086223711799e-43,5.7571545
20,Gm45321,14.27102,4.069540810315565e-43,6.0164113
20,Fndc9,14.114966,3.5972764331887424e-42,5.7849445
20,Fbxl7,14.042218,9.631536616452501e-42,5.9082427
20,Gm26518,14.013203,1.3895311080529695e-41,5.634757
20,Gm12394,13.983801,2.0173795649017145e-41,5.672746
20,Sema3c,13.916017,5.017725808364388e-41,5.8997717
20,9630028H03Rik,13.896268,6.367864196839133e-41,5.677448
20,Usp50,13.879041,7.682109010636498e-41,5.608085
20,C130073E24Rik,13.877707,7.682109010636498e-41,6.3222795
20,Gpr149,13.868438,8.450608873557863e-41,5.8763347
20,Stambpl1,13.827999,1.4358599852779764e-40,5.6021223
20,mt-Co3,13.817826,1.6021684578843066e-40,5.990229
20,Gm2163,13.795335,2.1227870188881805e-40,5.527838
20,Gps2,13.733746,4.830991016602476e-40,5.5224404
20,mt-Atp6,13.725729,5.241987264591319e-40,5.55509
20,Gm26905,13.697269,7.544477718336419e-40,5.941741
20,Fbn2,13.668667,1.0879159569266142e-39,5.6723523
20,Kitl,13.641742,1.5329791639371733e-39,5.94744
20,Gm20721,13.622733,1.9381948978262293e-39,5.72242
20,Brd9,13.588399,3.0224626822491394e-39,5.466679
20,Nme7,13.569916,3.7950838998720304e-39,5.48328
20,Ina,13.559521,4.2689660918207715e-39,5.5053
20,Trim46,13.552562,4.5844993708006446e-39,5.5067306
20,Pcdh10,13.538039,5.460103544712775e-39,5.559359
20,Calm2,13.501259,8.80170337625517e-39,5.3740864
20,Rgs20,13.494962,9.37858188208066e-39,5.508798
20,Xrcc6,13.437167,2.0074053524560319e-38,5.426896
20,Ube3a,13.43113,2.1326029827242697e-38,5.4590917
20,Senp8,13.427711,2.18779012798007e-38,5.429311
20,Gm11149,13.421669,2.326219075509955e-38,5.5267153
21,Fli1,15.548773,4.1786544175827013e-50,14.633317
21,Malat1,3.523323,0.006813641992766445,0.25592333
21,Meg3,3.217359,0.016317691635602045,0.37854373
21,Snhg11,2.123849,0.20977442008942163,0.04086604
21,Gm42418,1.2426906,0.8230786433644272,-0.080299556
21,D5Ertd615e,0.43995473,1.0,1.048451
21,Ppp1r3d,0.41295192,1.0,2.6534271
21,Rpl21,0.38975334,1.0,1.5234782
21,Pappa2,0.3897263,1.0,1.2196771
21,Tnfaip3,0.30489013,1.0,3.3012428
21,Lrrc8a,0.30403772,1.0,3.0306213
21,Gm11541,0.29784748,1.0,2.959254
21,Olfr652,0.290266,1.0,2.3993247
21,Podnl1,0.27961373,1.0,2.3472927
21,Ceacam1,0.2661285,1.0,2.5584636
21,Saa3,0.23921941,1.0,2.392768
21,Gm10603,0.2305116,1.0,1.5796033
21,Gm28727,0.22883023,1.0,1.9253986
21,Itgb3,0.22722276,1.0,1.5998828
21,Prrx1,0.2230815,1.0,1.9252195
21,Csmd3,0.22200204,1.0,-1.5211464
21,Btg3,0.21613978,1.0,1.1416528
21,Micall2,0.20912595,1.0,1.4372469
21,Ednrb,0.20804109,1.0,1.6857605
21,Baz1a,0.20766805,1.0,1.9814664
21,4933416M07Rik,0.2020707,1.0,1.902185
21,A130010J15Rik,0.1986647,1.0,1.4576784
21,Cep76,0.19219333,1.0,1.3072186
21,Pon2,0.18959467,1.0,1.7225503
21,4933404K13Rik,0.18885581,1.0,8.227973
21,Gm26719,0.18828274,1.0,1.2768909
21,Map2k7,0.18767363,1.0,6.972813
21,Gm16401,0.18738168,1.0,7.4064193
21,Gm43701,0.18634728,1.0,6.650954
21,Gm49054,0.18575618,1.0,6.3726945
21,Klhdc9,0.18557778,1.0,1.4255593
21,Mis18bp1,0.18541017,1.0,1.5547686
21,Slc2a4,0.18352877,1.0,5.537578
21,Cd9,0.18302418,1.0,1.3456424
21,Lrat,0.1823574,1.0,5.5272503
21,Arhgap28,0.18222405,1.0,1.6464074
21,Glipr1l2,0.1817663,1.0,5.464401
21,Gm40513,0.18145815,1.0,5.2714434
21,Iltifb,0.18145634,1.0,4.769573
21,Gm3099,0.18102744,1.0,5.426468
21,Rpl10-ps3,0.1809914,1.0,4.685159
21,Gm12320,0.1793659,1.0,4.3953724
21,Gm6710,0.17821795,1.0,4.9715343
21,Cd40,0.17750612,1.0,0.9846913
21,Fzd5,0.1767204,1.0,4.67911
